{"best_sol": [[[[0, [6, 10, 8]], [6, []], [9, [9]], [10, []], [8, []]], [[0, [1, 3]], [7, [7]], [4, [4]], [3, []], [1, []], [2, [2]], [5, [5]]]], [[[7, [7]]], [[4, [4]]], [[9, [9]]], [[2, [2]]], [[5, [5]]]]], "best_fitness": 265.0, "T": 0, "weight": [0.16875367093624072, 0.21570698922274212, 0.12861490991225716, 0.1847175777945193]}
