{"best_sol": [[[[0, [8, 10, 4, 5]], [5, []], [4, []], [8, []], [10, []], [7, [7]]], [[0, [2, 1]], [6, [6, 3]], [9, [9]], [2, []], [1, []], [3, []]]], [[[6, [6, 3]]], [[9, [9]]], [[7, [7]]]]], "best_fitness": 125.0, "T": 0, "weight": [0.23608034915644802, 0.21588335170200554, 0.13491410057972553, 0.1671139233303859]}
